"","eta","beta"
"1",6571.72674685717,2.40700159268454
"2",7662.95902058482,2.06887810654007
"3",7185.17528707162,2.07812959351577
"4",6108.17061550915,2.13206384261139
"5",7912.52338234335,2.32923487410881
"6",6814.64407173917,2.92234584107064
